VendorNumber,VendorName,BrandCount,CategoryCount,PurchaseQuantity,SalesQuantity,PurchaseCost,Revenue,GrossProfit,AllocatedFreight,AdjustedProfit,ExciseTax,InventoryAtRisk,UnsoldQuantity,BeginningInventoryUnits,EndingInventoryUnits,InventoryChangeUnits,EndingInventoryRetailValue,PurchaseLineCount,InvoiceCount,AvgLeadDaysWeightedSum,AvgLeadDaysWeight,GrossMarginPct,AdjustedMarginPct,StockTurnover,SellThroughRate,SalesToPurchaseRatio,AvgLeadDays,RevenueSharePct,CostSharePct,PerformanceScore,PerformanceRank,PerformanceTier
1392,CONSTELLATION BRANDS INC,465,2,2325892.0,2301688.0,15573917.9,24469172.93,8895255.03,79528.99,8815726.04,692134.5,2254597.6999999997,316026.0,291346.0,315685.0,24339.0,3534879.52,185574.0,55.0,1435531.0,185574.0,36.352904348042465,36.02788727358918,0.9895936698694522,0.879433968175611,1.571163601035806,7.735625680321597,5.412779972493177,4.838111482698095,84.41860465116278,1,High Impact
9819,TREASURY WINE ESTATES,107,1,497770.0,495308.0,2978686.4,4740218.38,1761531.98,14836.57,1746695.41,75026.13,524992.19,74178.0,71716.0,74178.0,2462.0,875350.48,39772.0,55.0,290397.0,39772.0,37.16140985048879,36.84841646472836,0.9950539405749643,0.8697457005088799,1.5913787970428843,7.301543799658051,1.048574840919564,0.9253430618891763,83.68217054263563,2,High Impact
8673,STE MICHELLE WINE ESTATES,143,1,419822.0,418674.0,3086650.7,4903385.9,1816735.2,15919.699999999999,1800815.5,46768.590000000004,501934.55,63928.0,62689.0,61558.0,-1131.0,706841.42,28223.0,55.0,213978.0,28223.0,37.05062658845594,36.72595909695788,0.9972655077628138,0.8676983529909162,1.5885781633794844,7.58168869361868,1.0846688228021542,0.9588826838972944,81.27906976744187,3,High Impact
9815,WINE GROUP INC,208,2,888385.0,869054.0,5258636.79,8341165.72,3082528.9299999997,27100.41,3055428.52,268202.73,589252.8,104529.0,85442.0,104457.0,19015.0,956903.23,106106.0,55.0,809959.0,106106.0,36.9556130818607,36.630713530530365,0.9782402899643735,0.8924110750677482,1.5861840345889338,7.633489152357077,1.8451336661693467,1.633620467270965,80.27131782945737,4,High Impact
480,BACARDI USA INC,172,2,1427075.0,1457301.0,17624378.72,25014556.89,7390178.169999999,89286.27,7300891.899999999,1365152.07,2039069.57,180110.0,209982.0,180110.0,-29872.0,2780746.4,91846.0,55.0,707242.0,91846.0,29.543510214863527,29.186572970711534,1.0211803864548115,0.8901956376595317,1.4193156699256404,7.700302680574004,5.533423338104759,5.475096864396078,80.15503875968992,5,High Impact
2000,SOUTHERN WINE & SPIRITS NE,376,2,406875.0,400984.0,3740617.38,5769934.33,2029316.95,19016.59,2010300.36,51155.630000000005,1107502.2,64249.0,58572.0,64092.0,5520.0,1707618.18,30064.0,67.0,226402.0,30064.0,35.17053806745839,34.84095736666729,0.985521351766513,0.8615030282717474,1.5425085604451745,7.530667908461948,1.27635638006114,1.1620405356418415,80.11627906976743,6,High Impact
10000,MAJESTIC FINE WINES,38,1,446119.0,433515.0,3506668.63,5375429.09,1868760.4600000002,17587.59,1851172.87,47740.170000000006,493737.07999999996,56245.0,43641.0,56245.0,12604.0,739794.5499999999,19929.0,55.0,143435.0,19929.0,34.76486116199517,34.43767630464641,0.971747448550723,0.8851580365893499,1.5329161826163198,7.197300416478499,1.1890886138712342,1.0893632465354268,79.68992248062014,7,Stable
3252,E & J GALLO WINERY,513,2,1858260.0,1809023.0,12289608.09,18556085.61,6266477.52,61966.91,6204510.609999999,508544.87,1740598.14,241771.0,192585.0,240414.0,47829.0,2636065.17,162567.0,55.0,1238713.0,162567.0,33.77047105572176,33.43652718791266,0.9735037077696339,0.8820866520873104,1.5099005170961477,7.619707566726334,4.1047569872921255,3.817825058528683,79.53488372093022,8,Stable
8112,MOET HENNESSY USA INC,119,2,427867.0,424251.0,9472995.2,13546931.06,4073935.86,48347.26,4025588.6,191770.03,1744227.19,73381.0,69076.0,73381.0,4305.0,2466500.39,29412.0,55.0,218571.0,29412.0,30.072758486452354,29.715871308198714,0.9915487756709445,0.8537216541937406,1.430057840628907,7.431354549163607,2.9966912792713574,2.9428309014434917,79.14728682170544,9,Stable
8892,TRINCHERO FAMILY ESTATES,147,2,352526.0,346725.0,2252211.31,3467869.81,1215658.5,11595.97,1204062.53,44031.4,325490.09,47912.0,42883.0,47562.0,4679.0,504678.74,33271.0,55.0,237217.0,33271.0,35.05490593950527,34.72052285607573,0.9835444761521136,0.8768768540928507,1.5397621859913313,7.129842806047308,0.767120993769597,0.6996601285777626,78.9922480620155,10,Stable
1590,DIAGEO CHATEAU ESTATE WINES,103,2,187841.0,190779.0,1365472.83,2185030.89,819558.0599999999,7259.75,812298.3099999999,22930.13,332891.05,39635.0,42512.0,39520.0,-2992.0,499405.38,12356.0,55.0,91685.0,12356.0,37.50784777234888,37.17559846488028,1.015640887772105,0.8282028017868228,1.600200928201552,7.4202816445451605,0.4833465959190858,0.42419061282808385,78.83720930232559,11,Stable
3960,DIAGEO NORTH AMERICA INC,416,2,5459788.0,5422703.0,50959796.85,68742416.99,17782620.14,257032.07,17525588.07,3798654.94,7171424.68,565943.0,527319.0,561798.0,34479.0,9606606.62,243326.0,55.0,1837026.0,243326.0,25.868482544899248,25.494576474594222,0.9932076117241182,0.905730096355385,1.3489539056119686,7.5496494414900175,15.206381474710787,15.830902659114903,78.02325581395347,12,Stable
4425,MARTIGNETTI COMPANIES,1520,2,2640411.0,2581318.0,27861690.02,41047306.3,13185616.28,144929.24,13040687.04,756323.75,5660244.66,443147.0,393976.0,436681.0,42705.0,8605671.17,176781.0,82.0,1376440.0,176781.0,32.12297582606535,31.76989726119982,0.9776197720733628,0.8506884586573829,1.4732525654594157,7.786130862479565,9.079997844677171,8.655366188435917,77.7906976744186,13,Stable
6785,PALM BAY INTERNATIONAL INC,159,2,375697.0,373092.0,2693984.33,4025063.52,1331079.19,13605.41,1317473.78,68380.21,374327.21,45723.0,42963.0,45675.0,2712.0,549918.75,31168.0,55.0,232845.0,31168.0,33.06976854864641,32.731751274325234,0.9930662209173882,0.8911575025080017,1.4940931449293173,7.470642967145791,0.8903767720876903,0.8368990131366837,77.7906976744186,13,Stable
4692,KOBRAND CORPORATION,219,2,161002.0,161920.0,1808146.33,2840547.87,1032401.5399999999,9139.380000000001,1023262.1599999999,24319.32,380553.25,26870.0,27462.0,26863.0,-599.0,580274.35,11748.0,55.0,89531.0,11748.0,36.34515548579718,36.0234083997324,1.0057017925243166,0.8591561253077511,1.5709723393902528,7.620956758597208,0.6283522808731138,0.5617092357711363,77.55813953488374,14,Stable
7245,PROXIMO SPIRITS INC.,109,1,682042.0,667654.0,7588029.9,10516246.86,2928216.96,38994.78,2889222.1799999997,673815.46,1051387.77,93425.0,82264.0,87882.0,5618.0,1469742.98,53318.0,55.0,385991.0,53318.0,27.84469591654299,27.47389081355209,0.9789045249412793,0.8735427956865444,1.385899502056522,7.2394125811170715,2.326279296502657,2.357257488190976,76.35658914728681,15,Stable
7153,PINE STATE TRADING CO,447,2,424427.0,416859.0,3129071.59,4647517.08,1518445.49,15884.82,1502560.67,93343.47,788200.19,80079.0,72492.0,79035.0,6543.0,1184935.75,26970.0,55.0,199314.0,26970.0,32.67218740377389,32.33039586806639,0.9821689006590062,0.8388872230685483,1.4852702938637465,7.3902113459399335,1.0280685597510293,0.9720609346324719,75.85271317829458,16,Stable
516,BANFI PRODUCTS CORP,138,2,228103.0,221040.0,1628866.68,2646325.62,1017458.94,8510.41,1008948.53,32922.19,404538.99,55329.0,47667.0,55310.0,7643.0,736127.96,23510.0,55.0,175679.0,23510.0,38.44798736445744,38.12639390915166,0.9690359179844193,0.8015375131450121,1.6246422451222344,7.472522330923011,0.5853887402573353,0.5060151619453653,74.72868217054264,17,Stable
1703,ALISA CARR BEVERAGES,17,1,438.0,1062.0,34951.68,118167.38,83215.7,172.0,83043.7,118.59,87704.16,893.0,1517.0,893.0,-624.0,132231.07,63.0,19.0,429.0,63.0,70.42188800327128,70.27633175923846,2.4246575342465753,0.5432225063938619,3.380878401267121,6.809523809523809,0.02613958508919618,0.010857905212636914,74.4186046511628,18,Stable
17035,PERNOD RICARD USA,254,2,1647558.0,1613460.0,24124091.56,32281247.95,8157156.389999999,123780.21999999999,8033376.169999999,1498865.94,3561348.74,245233.0,212333.0,244949.0,32616.0,4895009.33,107612.0,55.0,813649.0,107612.0,25.269024303628257,24.885581196993346,0.9793039152491142,0.8675024504124167,1.3381332047141343,7.560950451622496,7.140874474617824,7.494263494614685,73.68217054263566,19,Stable
1128,BROWN-FORMAN CORP,135,2,1006122.0,983853.0,13529433.08,18478557.47,4949124.39,68601.68,4880522.71,766237.86,1854253.65,139864.0,119751.0,138513.0,18762.0,2513306.37,59525.0,55.0,449260.0,59525.0,26.783066795310834,26.411816603777353,0.977866501279169,0.8738578862802465,1.3658042699007162,7.547417051658967,4.087607132464701,4.202982573751942,73.29457364341086,20,Stable
660,SAZERAC NORTH AMERICA INC.,81,2,503931.0,493413.0,3537977.55,4965061.47,1427083.9200000002,17932.33,1409151.59,717697.33,341081.04,51538.0,41020.0,51461.0,10441.0,473797.29,54331.0,55.0,407836.0,54331.0,28.74252269831415,28.3813523460768,0.9791280949177567,0.905426359434151,1.4033614967398536,7.5065064143858935,1.0983119602732536,1.099089511071782,73.06201550387598,21,Stable
2242,DELICATO VINEYARDS INC,93,1,192642.0,190364.0,1561444.6300000001,2357727.88,796283.2499999999,7982.649999999999,788300.5999999999,38632.03,204074.21,26218.0,23210.0,25834.0,2624.0,299080.56,28000.0,55.0,215002.0,28000.0,33.7733313820762,33.43475753444455,0.9881749566553504,0.8819190927116728,1.5099657296205244,7.678642857142857,0.521548574034815,0.48507018224362664,72.3643410852713,22,Stable
9552,M S WALKER INC,898,2,1372841.0,1343481.0,10935817.3,15465247.75,4529430.45,55551.82,4473878.63,943256.01,2160674.5,222184.0,199006.0,219250.0,20244.0,3108599.42,112792.0,55.0,891677.0,112792.0,29.28779753948656,28.928593335984548,0.9786136923358204,0.8547148672867015,1.4141830761931253,7.905498616923186,3.421038525916584,3.397263526849495,71.9767441860465,23,Stable
653,STATE WINE & SPIRITS,239,2,154092.0,157700.0,1529682.04,2299075.4,769393.36,8014.98,761378.38,29511.52,301435.5,27506.0,31114.0,27488.0,-3626.0,446470.12,11406.0,55.0,88444.0,11406.0,33.46533828338122,33.116720747827586,1.0234145834955741,0.8514842931654482,1.5029760040851365,7.754164474837805,0.5085741686477075,0.4752029829694329,71.78294573643412,24,Stable
1601,VRANKEN AMERICA,18,1,13094.0,13469.0,208330.15,341658.31,133328.16,1048.97,132279.19,1496.01,73174.46,3855.0,4230.0,3855.0,-375.0,108849.45,881.0,54.0,6705.0,881.0,39.02383056334851,38.716807444256226,1.0286390713303804,0.7774763334102979,1.6399849469699896,7.610669693530079,0.07557759565859856,0.06471874947454401,71.51162790697674,25,Stable
2555,DISARONNO INTERNATIONAL LLC,12,1,103095.0,103394.0,1141947.85,1725427.16,583479.3099999999,5861.03,577618.28,68878.53,118287.57,13303.0,13844.0,13303.0,-541.0,168548.47,6842.0,55.0,52948.0,6842.0,33.81651358727888,33.47682784824136,1.0029002376448906,0.884170379428591,1.5109509247729656,7.738672902660041,0.38167851452769885,0.3547515173254768,71.27906976744185,26,Stable
9206,PHILLIPS PRODUCTS CO.,28,1,40054.0,43680.0,430945.89,600363.7,169417.80999999997,2211.83,167205.97999999995,50778.090000000004,85768.83,5213.0,8839.0,5213.0,-3626.0,121719.87,4981.0,55.0,34929.0,4981.0,28.219196130612158,27.85078111817886,1.0905277874868926,0.8933794203669236,1.3931301212781029,7.012447299739009,0.13280533105341463,0.13387538525745987,71.24031007751938,27,Stable
8004,SAZERAC CO INC,144,2,1417727.0,1385046.0,9916770.26,13250928.19,3334157.9299999997,50293.62,3283864.3099999996,1116657.91,1043622.29,131732.0,97764.0,127294.0,29530.0,1330805.8599999999,92210.0,55.0,694620.0,92210.0,25.161693446623378,24.782145544175645,0.9769483123337568,0.9139255858332382,1.3362140941641618,7.5330224487582695,2.9312130380933663,3.0806917292266562,70.89147286821705,28,Stable
11567,CAMPARI AMERICA,70,1,501284.0,490456.0,4141720.71,5610527.4399999995,1468806.7299999997,20964.81,1447841.92,305737.58,688670.32,68204.0,58222.0,68123.0,9901.0,933056.77,28622.0,55.0,210307.0,28622.0,26.1794768086902,25.805807662175877,0.9783994701606276,0.8765875611700321,1.3546368364369985,7.347739501083083,1.2410942801063205,1.286645188053772,70.19379844961242,29,Stable
12546,JIM BEAM BRANDS COMPANY,389,2,2737165.0,2630226.0,24203151.05,31906320.54,7703169.49,123880.97,7579288.52,2249059.55,3800386.7199999997,392654.0,285527.0,392654.0,107127.0,5085990.06,189832.0,55.0,1426202.0,189832.0,24.14308312468298,23.754818455164934,0.9609307440362564,0.870160108936008,1.3182713471517171,7.512969362383581,7.057937483580476,7.518823700263725,70.03875968992247,30,Stable
1587,VINEYARD BRANDS INC,79,1,172290.0,166348.0,1207114.32,1849561.49,642447.17,6070.089999999999,636377.08,18449.35,199795.71,25657.0,19721.0,25600.0,5879.0,311264.0,12074.0,58.0,90289.0,12074.0,34.735107401052126,34.40691663622386,0.9655116373556213,0.8663461989156871,1.5322173379568556,7.47796918999503,0.4091380374647849,0.3749957903991072,69.30232558139535,31,Stable
10754,PERFECTA WINES,853,2,553116.0,512750.0,5665501.53,7825504.16,2160002.63,28720.52,2131282.11,70027.18000000001,2052083.79,136995.0,99650.0,133764.0,34114.0,3024578.46,34503.0,55.0,250773.0,34503.0,27.602089090193516,27.235077337176953,0.9270207334447024,0.7855035341914254,1.3812553255104318,7.268150595600383,1.7310651370638723,1.7600149290331515,69.03100775193799,32,Stable
8352,LUXCO INC,66,2,283260.0,286953.0,2051436.01,2826287.77,774851.76,10261.6,764590.16,249501.71,310403.56,50061.0,53781.0,49909.0,-3872.0,406524.11,26420.0,55.0,201997.0,26420.0,27.415883415155562,27.05280644511298,1.0130374920567677,0.8513890001513169,1.3777118838817692,7.64560938682816,0.6251978308266589,0.6372883290980598,67.90697674418604,33,Stable
3924,HEAVEN HILL DISTILLERIES,63,2,352348.0,342611.0,2816661.94,3818178.29,1001516.35,14069.87,987446.48,349975.34,333705.75,38194.0,28875.0,38127.0,9252.0,470733.23,31711.0,55.0,234061.0,31711.0,26.23021435701474,25.861717421267933,0.9723653887633816,0.8987154500121975,1.3555685315931099,7.381066506890353,0.8446120773531289,0.875009394700398,67.44186046511626,34,Stable
90024,VINILANDIA USA,187,1,59428.0,57335.0,548855.37,826960.05,278104.68,2802.64,275302.04,6555.43,150629.99,14873.0,12734.0,14623.0,1889.0,238436.77,4537.0,55.0,32866.0,4537.0,33.62975998659185,33.2908512327772,0.9647809113549168,0.7945317480114188,1.5066993878551285,7.243993828521049,0.18293028577210504,0.1705045246153193,67.09302325581395,35,Stable
1485,CASTLE BRANDS CORP.,26,1,105220.0,103675.0,1679383.91,2307511.25,628127.34,8497.59,619629.75,110409.90000000001,204632.13,12418.0,10236.0,12418.0,2182.0,276685.82,11714.0,55.0,87545.0,11714.0,27.220987113280593,26.85272932038793,0.9853164797567002,0.8979611280487805,1.3740224830426058,7.473535939900973,0.510440247246342,0.5217085791128656,66.86046511627907,36,Stable
90027,POVERTY LANE ORCHARDS,8,1,5872.0,6341.0,45269.009999999995,73642.09,28373.08,229.88,28143.2,704.22,7370.3099999999995,923.0,1392.0,923.0,-469.0,11110.27,470.0,47.0,3558.0,470.0,38.528347036321215,38.21618859540787,1.0798705722070845,0.8729350220264317,1.6267660812551457,7.5702127659574465,0.01629022897606127,0.014063032725463056,65.42635658914729,37,Stable
2561,EDRINGTON AMERICAS,31,1,62542.0,60304.0,1882832.84,2632023.96,749191.12,9654.5,739536.62,74517.89,533284.34,13429.0,11587.0,12865.0,1278.0,729788.35,7081.0,54.0,51920.0,7081.0,28.464449085030363,28.097640114188017,0.9642160468165393,0.8135007891648343,1.3979063377713339,7.332297698065245,0.5822250968010214,0.5849109544365241,65.3875968992248,38,Stable
6213,MHW LTD,92,2,215201.0,212350.0,1888333.01,2586254.5,697921.4899999999,9621.58,688299.9099999999,99410.72,345595.59,35380.0,32529.0,35380.0,2851.0,472312.19999999995,13923.0,55.0,106052.0,13923.0,26.985800894691526,26.613773315812495,0.9867519202977681,0.857183223670932,1.3695966158003032,7.617036558213028,0.5721005201694962,0.5866196083413832,64.30232558139535,39,Stable
9165,ULTRA BEVERAGE COMPANY LLP,905,2,1077527.0,1043235.0,13210613.93,17822938.45,4612324.52,68054.7,4544269.82,310243.81,3475406.94,220637.0,186322.0,218663.0,32341.0,4873744.21,84034.0,55.0,706766.0,84034.0,25.87858636744605,25.496748657626654,0.9681752754223328,0.8254427546328715,1.349137787572905,8.410476711807126,3.942578875433146,4.103939892236391,63.83720930232558,40,Stable
4380,CHARLES JACQUIN ET CIE INC,14,2,43947.0,43474.0,329637.62,450266.16,120628.54,1675.3899999999999,118953.15,34505.58,42404.3,4543.0,4070.0,4543.0,473.0,56192.07,4637.0,55.0,34319.0,4637.0,26.79049653653741,26.418407725777126,0.9892370355200583,0.9053876751983673,1.365942879941919,7.401121414707785,0.09960253499828482,0.10240349054692725,63.68217054263566,41,Stable
7749,R.P.IMPORTS INC,59,1,498.0,1038.0,18776.87,54266.62,35489.75,91.5,35398.25,115.7,36293.09,882.0,1422.0,882.0,-540.0,54358.18,73.0,16.0,577.0,73.0,65.39885845110678,65.230246512497,2.0843373493975905,0.540625,2.8900780588031982,7.904109589041096,0.012004217500574822,0.005833123748272063,62.63565891472869,42,Stable
4950,LATITUDE BEVERAGE COMPANY,43,1,53090.0,49789.0,316446.76,471551.11,155104.35,1610.0,153494.35,5546.24,49100.64,8126.0,4825.0,8044.0,3219.0,81421.56,3754.0,55.0,28549.0,3754.0,32.89237300279073,32.550946598344346,0.937822565454888,0.859690926357593,1.4901435868706634,7.604954714970698,0.10431093897275126,0.09830568730676359,61.86046511627906,43,Stable
8320,SHAW ROSS INT L IMP LTD,35,2,69127.0,68146.0,624979.64,856945.64,231965.99999999994,3151.92,228814.07999999993,52352.27,78851.5,8136.0,7155.0,8136.0,981.0,108280.64,8390.0,55.0,65775.0,8390.0,27.068928199459645,26.701119571598486,0.985808728861371,0.8933431215752078,1.3711576908329366,7.8396901072705605,0.18956334204579706,0.19415289024584634,61.240310077519375,44,Stable
3089,SIDNEY FRANK IMPORTING CO,13,1,186464.0,188625.0,1715908.8800000001,2256371.25,540462.37,8549.55,531912.8200000001,104874.33,270407.02,27866.0,30043.0,27866.0,-2177.0,339140.33999999997,8804.0,55.0,68506.0,8804.0,23.952723648646028,23.573816587141856,1.0115893684571822,0.8712189444221203,1.3149714861315944,7.781235801908224,0.499127663507399,0.5330552343281345,61.16279069767442,45,Stable
9744,FREDERICK WILDMAN & SONS,141,2,70932.0,69327.0,759449.24,1143044.57,383595.33,3999.93,379595.4,14262.41,276232.09,23265.0,23068.0,21833.0,-1235.0,409633.67,5918.0,55.0,48062.0,5918.0,33.55908772656171,33.20915124070796,0.9773726949754694,0.7375212765957447,1.5050967329956115,8.121324771882392,0.2528507511824216,0.23592650944759003,60.89147286821706,46,Stable
90047,CRUSH WINES,153,1,26349.0,25333.0,287189.9,420237.07,133047.16999999998,1457.7299999999998,131589.44,2763.6600000000003,92921.21,7409.0,6393.0,7409.0,1016.0,148179.31,2056.0,55.0,15768.0,2056.0,31.660027041403076,31.31314426878143,0.9614406618847015,0.7737157168163216,1.4632724549157194,7.669260700389105,0.09295985617096267,0.08921690494496043,59.18604651162791,47,Watchlist
8735,SURVILLE ENTERPRISES CORP,21,2,6504.0,6515.0,51325.77,80444.84999999999,29119.079999999998,263.32,28855.76,1400.52,11304.96,1554.0,1565.0,1554.0,-11.0,18155.46,668.0,54.0,5300.0,668.0,36.19756889347174,35.87023905197163,1.0016912669126692,0.8074110794398315,1.5673383955077536,7.934131736526946,0.01779505479060823,0.015944593954442345,58.25581395348838,48,Watchlist
3664,WILLIAM GRANT & SONS INC,82,2,302685.0,283313.0,5960744.35,7635828.27,1675083.92,30234.420000000002,1644849.5,261087.06,1295327.95,59827.0,40455.0,59344.0,18889.0,1715554.56,28532.0,55.0,225903.0,28532.0,21.937160721400037,21.541206033435323,0.9359994713976576,0.8256484233840415,1.281019252234832,7.917531193046404,1.6891072882393994,1.8517335117814375,57.751937984496124,49,Watchlist
7239,REMY COINTREAU USA INC,44,2,142363.0,135195.0,3354958.2800000003,4294875.05,939916.77,16978.67,922938.1000000001,114003.51,646984.95,26783.0,19615.0,26677.0,7062.0,857140.23,12666.0,55.0,96045.0,12666.0,21.884612685065193,21.489288727968933,0.9496498387923828,0.8346503846201336,1.280157513612956,7.582899099952629,0.9500612759370707,1.0422337065511982,57.713178294573645,50,Watchlist
90037,THE PIERPONT GROUP LLC,11,2,580.0,1079.0,5713.19,17937.21,12224.02,27.980000000000004,12196.04,616.4200000000001,1459.92,181.0,680.0,181.0,-499.0,2100.19,62.0,25.0,511.0,62.0,68.14894847080456,67.99295988618074,1.860344827586207,0.8563492063492063,3.139613770940578,8.241935483870968,0.003967856671255474,0.0017748295784862156,57.51937984496125,51,Watchlist
8920,TAKARA SAKE USA INC,3,2,9066.0,8973.0,45289.34,64082.97,18793.63,232.99000000000004,18560.64,5327.7,4656.469999999999,1014.0,921.0,1014.0,93.0,6609.66,737.0,55.0,5414.0,737.0,29.327027133729917,28.963451600323765,0.9897418927862343,0.8984680084109342,1.4149680697488638,7.345997286295794,0.014175673921884416,0.014069348336414315,57.28682170542636,52,Watchlist
7240,"PREMIUM PORT WINES, INC.",2,1,8167.0,8024.0,59760.74,86057.76,26297.02,301.2,25995.82,889.54,11436.99,1515.0,1372.0,1515.0,143.0,16886.85,692.0,53.0,5163.0,692.0,30.557407025235143,30.207409535177305,0.9824905105914045,0.841178320578677,1.4400383930988805,7.460982658959537,0.0190366761123554,0.01856495740282125,56.821705426356594,53,Watchlist
8663,STAR INDUSTRIES INC.,3,1,151.0,428.0,2452.29,7914.719999999999,5462.43,12.439999999999998,5449.990000000001,344.1,0.0,0.0,277.0,0.0,-277.0,0.0,17.0,13.0,140.0,17.0,69.01608648189703,68.85891099116584,2.834437086092715,1.0,3.227481252217315,8.235294117647058,0.0017508004061456113,0.000761815522856051,56.56976744186045,54,Watchlist
2396,BLACK PRINCE DISTILLERY INC,7,1,807.0,1115.0,5971.94,11818.849999999999,5846.909999999999,30.98,5815.929999999999,986.13,119.42,27.0,335.0,27.0,-308.0,161.73,68.0,35.0,540.0,68.0,49.47105682871006,49.208933187239026,1.3816604708798017,0.9763572679509632,1.9790637548267396,7.9411764705882355,0.0026144257004889694,0.0018552114935692617,56.47286821705426,55,Watchlist
17031,FLAG HILL WINERY & VINEYARD,19,2,20608.0,20788.0,300403.2,411807.12,111403.92,1573.31,109830.61,8450.630000000001,104048.31999999999,6986.0,7166.0,6986.0,-180.0,147040.14,1864.0,55.0,14940.0,1864.0,27.052451157231083,26.670400939158117,1.0087344720496894,0.7484697918916973,1.3708479803144573,8.015021459227468,0.09109508270029193,0.09332167927758579,56.16279069767442,56,Watchlist
9751,VINEDREA WINES LLC,1,1,205.0,440.0,4657.6,11385.6,6728.0,24.53,6703.47,346.96,90.88000000000001,4.0,239.0,4.0,-235.0,99.96,33.0,20.0,291.0,33.0,59.092186621697586,58.87673903878583,2.1463414634146343,0.990990990990991,2.444520783236001,8.818181818181818,0.002518587278414331,0.0014469055369692586,55.81395348837211,57,Watchlist
98450,Serralles Usa LLC,14,1,10463.0,10607.0,168993.61000000002,204150.93,35157.31999999997,856.02,34301.299999999974,16430.92,46157.53,2078.0,2222.0,2078.0,-144.0,59659.219999999994,1509.0,54.0,10740.0,1509.0,17.221239207678344,16.801931786448378,1.0137627831405907,0.8361844698462751,1.2080393453930003,7.117296222664016,0.045159845346266735,0.05249866669989339,54.49612403100774,58,Watchlist
90011,FORTUNE WINE BROKERS LLC,59,2,5072.0,4707.0,46940.17,72952.93000000001,26012.760000000002,238.61,25774.15,621.29,22872.5,1704.0,1343.0,1704.0,361.0,35222.96,402.0,53.0,2969.0,402.0,35.6569091878832,35.329835278720125,0.9280362776025236,0.7337490257209665,1.554168423335493,7.385572139303482,0.016137781181584737,0.014582186507917873,54.45736434108527,59,Watchlist
90033,FANTASY FINE WINES CORP,1,1,24.0,41.0,128.64,327.59000000000003,198.95000000000005,0.61,198.34000000000003,4.51,26.799999999999997,5.0,22.0,5.0,-17.0,39.95,2.0,2.0,15.0,2.0,60.73140205744987,60.54519368723099,1.7083333333333333,0.8913043478260869,2.546564054726369,7.5,7.24655711192867e-05,3.996262630447557e-05,54.263565891472865,60,Watchlist
201359,FLAVOR ESSENCE INC,1,1,1.0,59.0,17.0,1474.4099999999999,1457.4099999999999,0.09,1457.32,1.24,0.0,0.0,0.0,0.0,0.0,0.0,1.0,1.0,13.0,1.0,98.84699642568891,98.84089228911904,59.0,59.0,86.72999999999999,13.0,0.0003261514781097942,5.281130652799166e-06,53.37209302325581,61,Watchlist
4550,KLIN SPIRITS LLC,4,1,6840.0,6606.0,103484.29,147675.94,44191.649999999994,531.5,43660.149999999994,6073.16,17722.739999999998,1109.0,875.0,1109.0,234.0,28438.91,1335.0,54.0,10772.0,1335.0,29.924746035136117,29.564836357229208,0.9657894736842105,0.8562540505508749,1.427037282663871,8.068913857677902,0.03266711844890722,0.03214788564718577,52.55813953488372,62,Watchlist
17032,JEWELL TOWNE VINEYARDS,7,1,6630.0,6318.0,54332.369999999995,85230.82,30898.45,283.61,30614.84,698.97,28980.76,3457.0,3145.0,3457.0,312.0,49627.93,582.0,54.0,4595.0,582.0,36.25267244876912,35.91991723181825,0.9529411764705882,0.6463427109974424,1.5686932117998904,7.8951890034364265,0.018853750261806294,0.01687860850860152,52.48062015503876,63,Watchlist
8664,"STOLI GROUP,(USA) LLC",49,2,314035.0,272010.0,3666478.72,4663847.6,997368.8799999999,18544.49,978824.3899999999,288028.23,638670.87,77958.0,36794.0,72157.0,35363.0,771547.4299999999,21927.0,55.0,172472.0,21927.0,21.385108724393138,20.987486597975458,0.8661773369210438,0.7753349922611871,1.272023637982549,7.865736306836321,1.0316810035328141,1.1390090091781089,52.36434108527131,64,Watchlist
90032,LABELLE VYDS AND WINERY,10,1,12855.0,12430.0,146839.55,203067.69999999998,56228.15,778.25,55449.9,1295.5800000000002,76538.79,6538.0,6113.0,6538.0,425.0,114156.62,1052.0,54.0,8251.0,1052.0,27.689361725178358,27.306115152729856,0.9669389342668222,0.6553142134120624,1.382922380244287,7.843155893536122,0.04492022606422655,0.04561640285577857,51.55038759689921,65,Watchlist
1439,CAPSTONE INTERNATIONAL,1,1,4.0,13.0,54.64,246.87,192.23000000000002,0.27,191.96,23.89,0.0,0.0,9.0,0.0,-9.0,0.0,1.0,1.0,8.0,1.0,77.86689350670393,77.75752420302183,3.25,1.0,4.51811859443631,8.0,5.460965091186638e-05,1.6974175227585084e-05,51.531007751937985,66,Watchlist
6359,OLE SMOKY DISTILLERY LLC,18,1,110162.0,106890.0,387622.69,498686.6,111063.90999999997,1922.0,109141.90999999997,18230.13,34297.689999999995,5421.0,2149.0,5421.0,3272.0,45678.79,3318.0,54.0,26683.0,3318.0,22.271284209361145,21.88587180806542,0.97029828797589,0.9517322435024174,1.286525822314478,8.04189270644967,0.11031352995676082,0.12041682763996875,50.813953488372086,67,Watchlist
90026,SILVER MOUNTAIN CIDERS,2,1,17.0,52.0,77.17999999999999,381.48,304.29999999999995,0.36,303.93999999999994,5.17,8.44,1.0,36.0,1.0,-35.0,12.99,2.0,2.0,17.0,2.0,79.76827094474152,79.67390164621997,3.0588235294117645,0.9811320754716981,4.94273127753304,8.5,8.438647721415639e-05,2.397633316370821e-05,50.697674418604656,68,Watchlist
90058,ZORVINO VINEYARDS,6,1,10550.0,10141.0,86122.71,124189.59,38066.88,448.68,37618.2,1121.54,30752.14,3743.0,3334.0,3743.0,409.0,46041.07,886.0,55.0,7016.0,886.0,30.652230996172868,30.290944675797704,0.9612322274881516,0.7304091040046097,1.4420074565698175,7.918735891647856,0.02747174689831819,0.026754428451949013,50.65891472868217,69,Watchlist
5992,MCCORMICK DISTILLING CO,31,1,29788.0,28998.0,310552.87,385759.72,75206.84999999999,1567.85,73638.99999999999,24882.39,49204.07,4598.0,4366.0,4254.0,-112.0,53564.66,2576.0,54.0,19748.0,2576.0,19.495775764250347,19.089344009270846,0.9734792533906271,0.8490367160508286,1.2421708419567978,7.666149068322981,0.08533318606983156,0.09647472241598555,50.50387596899224,70,Watchlist
90046,CANDIA VINEYARDS,5,1,2609.0,2567.0,36588.009999999995,52623.33,16035.320000000002,194.13,15841.190000000002,224.71,26187.56,2279.0,2237.0,2279.0,42.0,38493.21,226.0,50.0,1706.0,226.0,30.471883858357124,30.102979039904927,0.98390187811422,0.5297152290548907,1.438267071644509,7.548672566371682,0.011640708393567244,0.011366238890348376,49.922480620155035,71,Watchlist
17033,SEA BREEZE CELLARS LLC,16,1,8473.0,7106.0,108948.09,149564.94,40616.84999999999,549.55,40067.299999999996,788.5500000000001,42740.04,3066.0,1699.0,3066.0,1367.0,70329.34,591.0,53.0,4346.0,591.0,27.156665191722063,26.789232824216686,0.8386639915024194,0.6985843491938655,1.3728091974811123,7.353637901861252,0.033084980605396525,0.03384524103899543,49.806201550387605,72,Watchlist
1265,BLACK ROCK SPIRITS LLC,1,1,82.0,82.0,1152.1,2049.18,897.0799999999999,5.79,891.29,64.55,0.0,0.0,0.0,0.0,0.0,0.0,19.0,18.0,153.0,19.0,43.77751100440176,43.49495895919343,1.0,1.0,1.77864768683274,8.052631578947368,0.00045329527466106997,0.00035790533088764226,49.32170542635659,73,Watchlist
90010,VINEXTRA INC,38,1,8530.0,8021.0,102639.51,141335.79,38696.28,524.9399999999999,38171.340000000004,889.38,38447.9,2873.0,2364.0,2873.0,509.0,56392.27,805.0,55.0,6162.0,805.0,27.378967492947115,27.007554137561335,0.9403282532239156,0.7362768496420048,1.377011542631098,7.6546583850931675,0.0312646257271149,0.03188545073231097,49.06976744186047,74,Watchlist
90053,INCREDIBREW INC,4,1,2786.0,2698.0,24525.84,35508.520000000004,10982.68,124.44,10858.240000000002,299.12,5386.280000000001,609.0,521.0,609.0,88.0,8088.91,231.0,52.0,1747.0,231.0,30.929703631691773,30.579252528688887,0.968413496051687,0.8158451768974901,1.4478003607623635,7.562770562770563,0.007854773287953278,0.0076190685535087,48.837209302325576,75,Watchlist
12331,STELLAR IMPORTING CO LLC,18,2,3104.0,2987.0,24560.08,35480.63,10920.55,119.23000000000002,10801.32,383.78000000000003,6115.97,752.0,635.0,752.0,117.0,9127.48,225.0,51.0,1681.0,225.0,30.778906687959033,30.442864176876228,0.9623067010309279,0.7988767050013372,1.4446463529434757,7.471111111111111,0.007848603793223533,0.0076297053719529264,48.44961240310077,76,Watchlist
388,ATLANTIC IMPORTING COMPANY,3,2,1847.0,1825.0,41116.32,59272.74999999999,18156.429999999997,211.74,17944.689999999995,1356.15,14616.64,527.0,505.0,527.0,22.0,19025.73,266.0,53.0,2155.0,266.0,30.632002058281415,30.274772133906385,0.9880887926367081,0.7759353741496599,1.4415869416329086,8.101503759398497,0.013111614153547729,0.012772979875429375,48.372093023255815,77,Watchlist
4466,AMERICAN VINTAGE BEVERAGE,3,1,15778.0,14637.0,156357.28,190134.63,33777.34999999999,793.9100000000001,32983.43999999999,26902.489999999998,22896.32,2296.0,1155.0,2296.0,1141.0,29825.04,2192.0,55.0,16188.0,2192.0,17.764964751555247,17.34741325133669,0.9276841171251109,0.864406779661017,1.2160267177837834,7.385036496350365,0.04205932584176642,0.04857313083507658,46.2015503875969,78,Watchlist
90034,EXCLUSIVE WINES & SPIRITS,1,1,0.0,2.0,0.0,55.98,55.98,0.0,55.98,0.22,0.0,0.0,2.0,0.0,-2.0,0.0,0.0,0.0,0.0,0.0,100.0,100.0,0.0,1.0,0.0,0.0,1.2383231085374003e-05,0.0,45.019379844961236,79,Watchlist
5270,MANGO BOTTLING INC,6,1,28414.0,26875.0,204510.38,244549.25,40038.87,1034.42,39004.450000000004,10558.369999999999,14776.349999999999,2048.0,509.0,2048.0,1539.0,18411.52,2120.0,38.0,16760.0,2120.0,16.372518010175867,15.94952754915421,0.9458365594425283,0.9291913010406943,1.195779158006552,7.90566037735849,0.054096282145496576,0.06353211980197679,44.883720930232556,80,Watchlist
9622,WEIN BAUER INC,6,2,3014.0,2867.0,43517.0,56930.23,13413.229999999996,222.23000000000002,13190.999999999996,2155.64,7071.240000000001,421.0,274.0,400.0,126.0,8878.0,402.0,53.0,2865.0,402.0,23.560821728631687,23.170466727431098,0.9512276045122761,0.8719586374695864,1.3082296573752787,7.126865671641791,0.01259342968620028,0.013518762506933018,44.76744186046512,81,Watchlist
9710,WHYTE & MACKAY,1,1,0.0,2.0,0.0,31.98,31.98,0.0,31.98,3.67,0.0,0.0,2.0,0.0,-2.0,0.0,0.0,0.0,0.0,0.0,100.0,100.0,0.0,1.0,0.0,0.0,7.0742359791043334e-06,0.0,44.67054263565892,82,Watchlist
9625,WESTERN SPIRITS BEVERAGE CO,21,1,56860.0,49379.0,361249.20999999996,443217.71,81968.50000000001,1933.19,80035.31000000003,18666.71,104578.0,13393.0,5912.0,13393.0,7481.0,128944.56999999999,3737.0,55.0,29244.0,3737.0,18.493958646192183,18.057786995921266,0.8684312346113261,0.7866405403683171,1.2269029183482507,7.825528498795825,0.09804336055841871,0.11222378095473429,44.41860465116279,83,Watchlist
1002,BERNIKO LLC,1,1,0.0,1.0,0.0,16.99,16.99,0.0,16.99,0.79,0.0,0.0,1.0,0.0,-1.0,0.0,0.0,0.0,0.0,0.0,100.0,100.0,0.0,1.0,0.0,0.0,3.7583261189800694e-06,0.0,44.321705426356594,84,Watchlist
6215,MOONLIGHT MEADERY,7,1,7967.0,7123.0,71357.59,95208.77,23851.179999999997,365.61000000000007,23485.57,417.02,39622.7,4428.0,3584.0,4428.0,844.0,58939.72,681.0,54.0,4824.0,681.0,25.051452718063675,24.66744397601187,0.8940630099159032,0.6166565665310363,1.3342486762795662,7.083700440528634,0.021060953916831434,0.022167573874051483,43.7984496124031,85,Watchlist
90056,SWEET BABY VINEYARD,4,1,16805.0,14773.0,140577.9,184253.27000000002,43675.37000000001,703.6400000000001,42971.73000000001,1516.91,26031.32,3123.0,1091.0,3123.0,2032.0,38775.270000000004,1393.0,54.0,11077.0,1393.0,23.70398636615785,23.32209897821624,0.8790836060696221,0.8254917299955298,1.3106844674731948,7.951902368987796,0.040758321197674335,0.04367119157624329,43.643410852713174,86,Watchlist
7255,PSP WINES,31,1,16493.0,14594.0,128895.69,171646.56,42750.869999999995,648.71,42102.159999999996,1625.2,46593.53,5339.0,3440.0,5339.0,1899.0,67394.61,1299.0,54.0,10370.0,1299.0,24.906336602376417,24.52840301605811,0.8848602437397683,0.7321527115838058,1.331670283156869,7.98306389530408,0.03796961446033429,0.04004205761604111,42.5968992248062,87,Watchlist
6355,NICHE W & S,8,1,9277.0,10404.0,111031.77,114938.95999999999,3907.1899999999996,551.21,3355.979999999997,3677.67,43137.57,2813.0,3940.0,2813.0,-1127.0,54860.869999999995,788.0,55.0,5571.0,788.0,3.3993608433554643,2.9197932537409397,1.1214832381157702,0.7871680411591133,1.035189838007626,7.069796954314721,0.025425432339988546,0.03449254611656158,42.054263565891475,88,Watchlist
8150,SEA HAGG DISTILLERY LLC,8,1,15412.0,13160.0,188044.46,213422.4,25377.94,935.5199999999999,24442.42,10412.89,39534.97,3075.0,823.0,3075.0,2252.0,53862.25,1183.0,54.0,8308.0,1183.0,11.890944905501954,11.452602913283704,0.853880093433688,0.8105943948259933,1.134957126628458,7.022823330515638,0.047210769882013656,0.05841690363500392,41.93798449612403,89,Watchlist
3950,"HOOD RIVER DISTILLERS, Inc.",7,1,1137.0,1271.0,24035.96,29403.29,5367.33,117.51999999999998,5249.8099999999995,1001.4200000000001,496.61,27.0,161.0,20.0,-141.0,451.79999999999995,83.0,36.0,648.0,83.0,18.254181759932305,17.854498595225227,1.117854001759015,0.9791987673343605,1.2233041659247228,7.807228915662651,0.006504246779926163,0.007466885007379685,41.78294573643411,90,Watchlist
1655,FABRIZIA SPIRITS LLC,8,1,28071.0,25508.0,358390.62,396503.92,38113.3,1824.8899999999999,36288.41,23205.91,90990.81,6773.0,4215.0,6773.0,2558.0,107725.26999999999,3083.0,54.0,23636.0,3083.0,9.612338763258634,9.15209362873386,0.9086958070606675,0.7900638047450907,1.1063456962126965,7.666558546869932,0.08770989045403084,0.11133574640927635,40.85271317829458,91,Watchlist
5455,MARSALLE COMPANY,8,2,7158.0,6640.0,185311.19,215253.6,29942.410000000003,937.2099999999999,29005.2,5019.4,59369.85,2367.0,1849.0,2367.0,518.0,73494.33,937.0,55.0,7223.0,937.0,13.910294647801477,13.474896587095408,0.9276334171556301,0.7372043965804375,1.1615790713987644,7.7086446104589115,0.04761584620862203,0.057567800342099434,39.72868217054263,92,Watchlist
7154,PREMIER DISTRIBUTORS,7,2,5916.0,5566.0,84530.87000000001,109091.34,24560.469999999994,432.37,24128.099999999995,3438.7400000000002,17747.88,1504.0,1154.0,1504.0,350.0,23203.46,901.0,54.0,7143.0,901.0,22.513675237649473,22.117337636516332,0.9408384043272482,0.7872701555869873,1.2905503042852864,7.927857935627081,0.024131891258183356,0.026259915803810676,39.06976744186046,93,Watchlist
105,ALTAMAR BRANDS LLC,3,1,332.0,325.0,11706.199999999999,15748.75,4042.5500000000015,62.39,3980.160000000001,252.19,5285.079999999999,148.0,141.0,148.0,7.0,7398.52,57.0,40.0,432.0,57.0,25.669021350900874,25.272862925629024,0.9789156626506024,0.6871035940803383,1.3453340964617042,7.578947368421052,0.0034837515283276856,0.003636586567517505,38.565891472868216,94,Watchlist
5612,MILTONS DISTRIBUTING CO,24,1,267.0,261.0,1824.18,2661.69,837.51,9.46,828.05,30.720000000000002,477.15,73.0,67.0,73.0,6.0,719.5699999999999,23.0,10.0,183.0,23.0,31.465347204219874,31.109933914167314,0.9775280898876404,0.781437125748503,1.4591158767226917,7.956521739130435,0.0005887874660169547,0.0005666901714248931,38.10077519379844,95,Watchlist
4848,LAIRD & CO,16,2,21422.0,20141.0,203011.58,213108.09,10096.510000000004,1043.69,9052.820000000005,7770.52,37025.92,3120.0,1839.0,3120.0,1281.0,48390.8,1473.0,55.0,11143.0,1473.0,4.7377413030167,4.247994527096558,0.9402016618429652,0.8658699110098448,1.0497336654391833,7.564833672776646,0.04714124195485317,0.06306651047124646,36.74418604651162,96,Watchlist
2496,DUGGANS DISTILLED PRODUCTS,5,1,18814.0,15738.0,184296.5,202338.62,18042.119999999995,939.27,17102.849999999995,16671.23,49746.39,4128.0,1052.0,4128.0,3076.0,68177.72,1247.0,55.0,9402.0,1247.0,8.916795024103653,8.452588042757233,0.8365047305198257,0.7922077922077922,1.097897247099104,7.539695268644747,0.044758947641223255,0.057252582079623617,35.93023255813954,97,Watchlist
1273,CALEDONIA SPIRITS INC,5,1,8202.0,7162.0,259604.69999999998,278648.38,19043.680000000022,1319.77,17723.91000000002,5363.55,40896.78,1216.0,176.0,920.0,744.0,38892.799999999996,1315.0,54.0,10270.0,1315.0,6.834304940154334,6.360672184779981,0.8732016581321629,0.8548579613272858,1.073356453099655,7.809885931558935,0.061639286907915466,0.08064743169298422,35.42635658914729,98,Watchlist
90017,THE IMPORTED GRAPE LLC,30,1,2280.0,1736.0,16093.77,22179.739999999998,6085.969999999999,80.03,6005.94,194.0,6428.95,878.0,334.0,866.0,532.0,10972.84,192.0,47.0,1484.0,192.0,27.439320749476774,27.078495960728127,0.7614035087719299,0.6641162968630452,1.3781568892807587,7.729166666666667,0.004906338796597234,0.004999606003888214,34.224806201550386,99,Critical
28750,SMOKY QUARTZ DISTILLERY LLC,4,1,3197.0,2739.0,69803.71,76449.10999999999,6645.3999999999905,342.6499999999999,6302.749999999991,1541.79,33279.81,1543.0,1085.0,1543.0,458.0,43042.07,276.0,48.0,2083.0,276.0,8.692579939779536,8.244373283089876,0.856740694401001,0.639654367118169,1.0952012436015217,7.547101449275362,0.01691116461952798,0.0216848536800061,30.310077519379846,100,Critical
90052,HAUNTING WHISPER VYDS,2,1,669.0,611.0,5388.58,7325.89,1937.3100000000009,27.61,1909.7000000000007,67.62,3218.5599999999995,400.0,342.0,400.0,58.0,4796.0,58.0,30.0,462.0,58.0,26.444705011950774,26.067822476176968,0.9133034379671151,0.6043521266073195,1.3595214323625149,7.9655172413793105,0.0016205464232945793,0.0016739879419447369,29.22480620155039,101,Critical
1189,BULLY BOY DISTILLERS,6,1,5382.0,4447.0,117928.22,119484.52999999998,1556.3099999999913,609.39,946.9199999999925,3505.9300000000003,25853.98,1174.0,239.0,1174.0,935.0,30980.26,741.0,53.0,5380.0,741.0,1.302520083562275,0.7925042681257504,0.8262727610553697,0.7911403664828323,1.013197095657002,7.2604588394062075,0.02643094937687214,0.036634961027767275,28.837209302325583,102,Critical
200,AMERICAN SPIRITS EXCHANGE,2,1,132.0,103.0,1205.16,1719.9699999999998,514.8099999999998,6.189999999999999,508.6199999999998,11.53,361.53,41.0,12.0,41.0,29.0,618.59,8.0,6.0,66.0,8.0,29.931336011674613,29.57144601359325,0.7803030303030303,0.7152777777777778,1.427171495900959,8.25,0.00038047134637211004,0.00037438867161926137,27.63565891472868,103,Critical
6830,PARK STREET IMPORTS LLC,11,2,4349.0,3503.0,69459.42,77594.47,8135.049999999994,360.29,7774.759999999994,2332.4900000000002,15637.920000000002,917.0,55.0,917.0,862.0,21039.829999999998,444.0,32.0,3557.0,444.0,10.484058979976272,10.019734653771065,0.8054725224189468,0.7954132606721163,1.1171194634219521,8.01126126126126,0.017164527562649527,0.021577898358097144,27.596899224806197,104,Critical
2450,DJINN SPIRITS LLC,6,1,2637.0,2177.0,48830.78,56731.229999999996,7900.450000000003,251.28000000000003,7649.170000000002,1149.66,24594.8,1278.0,818.0,1278.0,460.0,35400.22,224.0,51.0,1778.0,224.0,13.926103840865082,13.483173201074617,0.825559347743648,0.6301013024602026,1.1617924186343123,7.9375,0.012549409268444126,0.015169513474005438,27.325581395348834,105,Critical
10050,Russian Standard Vodka,11,1,12798.0,15207.0,138907.27,139327.43,420.1599999999964,732.6000000000001,-312.44000000000165,6152.400000000001,68079.36,4158.0,6567.0,4158.0,-2409.0,90966.92,661.0,51.0,5380.0,661.0,0.3015630159832823,-0.22424873551460875,1.1882325363338022,0.7852827265685515,1.0030247516922621,8.139183055975794,0.030820360168297076,0.043152202440802936,27.054263565891475,106,Critical
17037,Dunn Wine Brokers,32,1,5448.0,4117.0,72055.3,83061.33,11006.029999999999,358.03000000000003,10647.999999999998,457.77000000000004,26470.93,1715.0,411.0,1611.0,1200.0,35878.39,313.0,50.0,2509.0,313.0,13.250486116704366,12.81944317530191,0.755690161527166,0.7026796381635091,1.1527442117373738,8.015974440894569,0.018373841437093752,0.02238432079568469,26.82170542635659,107,Critical
1650,Circa Wines,67,2,3320.0,2455.0,42554.34,44618.75,2064.410000000001,211.97000000000003,1852.4400000000012,347.06,18427.45,1302.0,443.0,1247.0,804.0,25469.53,233.0,43.0,1619.0,233.0,4.626776859504135,4.151707522061916,0.7394578313253012,0.6524049960138187,1.0485123256523308,6.948497854077253,0.00987003022491124,0.013219707610802215,26.82170542635659,107,Critical
90051,FULCHINO VINEYARD INC,2,1,949.0,836.0,11147.77,14441.64,3293.87,54.91,3238.96,92.44999999999999,5072.129999999999,423.0,310.0,423.0,113.0,7465.77,74.0,34.0,620.0,74.0,22.80814367343321,22.427923698416524,0.880927291886196,0.6640190627482129,1.2954734444646776,8.378378378378379,0.003194608170271179,0.0034631076386679384,25.968992248062015,108,Critical
9260,TY KU LLC,6,2,3003.0,2490.0,38921.47,44141.6,5220.129999999999,198.93999999999997,5021.19,778.9300000000001,14619.04,982.0,469.0,982.0,513.0,20145.18,251.0,50.0,1971.0,251.0,11.825874005473294,11.375188031244903,0.8291708291708292,0.7171658986175116,1.1341195489276226,7.852589641434263,0.009764480765954717,0.012091139309941363,25.581395348837212,109,Critical
90057,WALPOLE MTN VIEW WINERY,3,1,805.0,662.0,9292.31,11483.88,2191.5699999999997,46.74,2144.83,73.16,1651.29,143.0,0.0,0.0,0.0,0.0,74.0,32.0,631.0,74.0,19.08388105762164,18.676875759760637,0.822360248447205,0.822360248447205,1.235847706329212,8.527027027027026,0.002540327613374505,0.002886700186841895,23.914728682170544,110,Critical
2876,CENTEUR IMPORTS LLC,10,1,771.0,619.0,6237.08,7474.81,1237.7300000000005,31.5,1206.2300000000002,69.04,1983.9499999999998,230.0,78.0,210.0,132.0,2701.9,107.0,38.0,839.0,107.0,16.558681759135023,16.13726636529892,0.8028534370946823,0.7290930506478209,1.1984470296997956,7.841121495327103,0.001653488737928983,0.0019375784924682718,23.217054263565895,111,Critical
1003,BRONCO WINE COMPANY,6,1,433.0,334.0,2071.9,2400.66,328.76,10.53,318.22999999999996,61.32,450.77,99.0,0.0,99.0,99.0,663.01,49.0,26.0,384.0,49.0,13.694567327318321,13.255937950396973,0.7713625866050808,0.7713625866050808,1.158675611757324,7.836734693877551,0.0005310455079923892,0.0006436455646785054,20.58139534883721,112,Critical
28776,TALL SHIP DISTILLERY LLC,4,1,2236.0,1786.0,48445.58,49533.14,1087.5599999999959,259.9,827.6599999999962,1408.93,23028.73,1059.0,609.0,1059.0,450.0,29412.409999999996,269.0,51.0,2140.0,269.0,2.1956209519525633,1.670921730380905,0.7987477638640429,0.6277680140597539,1.022449106812221,7.955390334572491,0.010957133244090433,0.015049849266507894,18.488372093023255,113,Critical
172662,SWEETWATER FARM,5,1,1629.0,1237.0,34708.03,35049.63,341.599999999999,178.34,163.25999999999897,925.61,8471.6,392.0,0.0,392.0,392.0,11322.08,149.0,29.0,1153.0,149.0,0.974617991687784,0.46579664321705816,0.7593615715162676,0.7593615715162676,1.0098421028217388,7.738255033557047,0.007753263089440107,0.010782214184192531,18.372093023255818,114,Critical
60,ADAMBA IMPORTS INTL INC,3,1,4732.0,3978.0,76770.25,67576.22,-9194.030000000002,367.52,-9561.550000000003,7261.07,12389.599999999999,764.0,10.0,764.0,754.0,11482.36,626.0,35.0,4761.0,626.0,-13.605422144061924,-14.149282099531465,0.8406593406593407,0.8388865457612822,0.880239676176644,7.605431309904153,0.01494840922000844,0.02384904238223854,17.519379844961243,115,Critical
5083,LOYAL DOG WINERY,1,1,240.0,74.0,2320.8,1111.26,-1209.5400000000002,10.680000000000001,-1220.2200000000003,8.18,1605.22,166.0,0.0,166.0,166.0,2488.34,20.0,3.0,119.0,20.0,-108.84401490200315,-109.80508611846017,0.30833333333333335,0.30833333333333335,0.4788262668045501,5.95,0.00024581974590805135,0.0007209675305303709,14.92248062015504,116,Critical
9099,TRUETT HURST,1,1,24.0,1.0,236.64,14.99,-221.64999999999998,1.2499999999999998,-222.89999999999998,0.11,226.77999999999997,23.0,0.0,23.0,23.0,344.77,1.0,1.0,5.0,1.0,-1478.6524349566375,-1486.991327551701,0.041666666666666664,0.041666666666666664,0.0633451656524679,5.0,3.3159098601242636e-06,7.351333868696439e-05,14.263565891472869,117,Critical
287,APPOLO VINEYARDS LLC,2,1,230.0,108.0,2399.7,1616.92,-782.7800000000001,12.280000000000003,-795.0600000000002,11.9,4674.25,448.0,326.0,448.0,122.0,6939.52,18.0,13.0,134.0,18.0,-48.411795265071866,-49.171263884422245,0.46956521739130436,0.19424460431654678,0.6738008917781391,7.444444444444445,0.0003576758486345647,0.0007454781898542446,14.186046511627909,118,Critical
3951,HIGHLAND WINE MERCHANTS LLC,11,1,372.0,82.0,5500.32,1533.68,-3966.6400000000003,29.43,-3996.07,9.19,4461.23,290.0,0.0,283.0,283.0,6591.67,28.0,7.0,149.0,28.0,-258.6354389442387,-260.55435292890303,0.22043010752688172,0.22043010752688172,0.2788346859819065,5.321428571428571,0.0003392624839409861,0.0017087005030708416,13.604651162790699,119,Critical
173357,TAMWORTH DISTILLING,4,1,1990.0,1488.0,41036.44,40021.12,-1015.3199999999988,202.49999999999997,-1217.8199999999988,1030.1,12664.52,608.0,106.0,608.0,502.0,16725.92,153.0,45.0,1271.0,153.0,-2.5369604848639886,-3.042943325923909,0.7477386934673367,0.7099236641221374,0.9752580876898679,8.30718954248366,0.008852997092809633,0.012748164774456106,10.930232558139535,120,Critical
99166,STARK BREWING COMPANY,1,1,1212.0,846.0,25961.04,25371.54,-589.5,130.09,-719.59,666.39,7839.72,366.0,0.0,366.0,366.0,10976.34,41.0,12.0,348.0,41.0,-2.3234695253027606,-2.8362093905218213,0.698019801980198,0.698019801980198,0.9772928973569626,8.487804878048781,0.005612390904105214,0.008064920242502664,10.620155038759691,121,Critical
3551,GILMANTON WINERY & VINEYARD,2,1,516.0,240.0,5393.04,3837.6000000000004,-1555.4399999999998,26.63,-1582.0699999999997,26.520000000000003,2885.74,276.0,0.0,276.0,276.0,4413.24,43.0,8.0,344.0,43.0,-40.531582238899304,-41.225505524286,0.46511627906976744,0.46511627906976744,0.7115838191446754,8.0,0.00084890831749252,0.001675373462104236,8.565891472868218,122,Critical
54,AAPER ALCOHOL & CHEMICAL CO,1,1,1.0,0.0,105.07,0.0,-105.07,0.4799999999999999,-105.55,0.0,105.07,1.0,0.0,1.0,1.0,134.49,1.0,1.0,10.0,1.0,0.0,0.0,0.0,0.0,0.0,10.0,0.0,3.264049398174167e-05,7.131782945736434,123,Critical
4901,LAUREATE IMPORTS CO,1,1,29.0,0.0,140.94,0.0,-140.94,0.72,-141.66,0.0,140.94,29.0,0.0,29.0,29.0,217.21,1.0,1.0,10.0,1.0,0.0,0.0,0.0,0.0,0.0,10.0,0.0,4.378367965914791e-05,6.86046511627907,124,Critical
6280,UNCORKED,7,1,243.0,62.0,2966.3100000000004,1124.3799999999999,-1841.9300000000003,15.259999999999998,-1857.1900000000003,6.830000000000001,2350.55,187.0,6.0,187.0,181.0,3313.1299999999997,16.0,7.0,133.0,16.0,-163.8173926964194,-165.17458510467995,0.2551440329218107,0.24899598393574296,0.37905006556968074,8.3125,0.0002487219965661454,0.0009214982745120409,5.232558139534883,125,Critical
90059,BLACK COVE BEVERAGES,1,1,919.0,313.0,14465.06,6256.869999999999,-8208.19,74.84,-8283.03,122.86999999999999,9538.44,606.0,0.0,606.0,606.0,12113.939999999999,44.0,8.0,410.0,44.0,-131.18683942610286,-132.38296464526195,0.3405875952121872,0.3405875952121872,0.4325505735890483,9.318181818181818,0.0013840705087735624,0.004493639515328183,5.155038759689923,126,Critical
2,"IRA GOLDMAN AND WILLIAMS, LLP",2,1,328.0,42.0,5630.88,1265.58,-4365.299999999999,27.08,-4392.379999999999,2.52,4189.16,244.0,16.0,244.0,228.0,6169.5599999999995,13.0,4.0,125.0,13.0,-344.9248565874934,-347.0645869877842,0.12804878048780488,0.12209302325581395,0.22475705395959422,9.615384615384615,0.0002799565844413653,0.0017492595864843394,3.4108527131782944,127,Critical
